id,image_link
22135,https://cdn.jsdelivr.net/gh/hlmxe/acquamires-catalogo-img@main/ecommerce/0657118_06076526.jpg
22129,https://cdn.jsdelivr.net/gh/hlmxe/acquamires-catalogo-img@main/ecommerce/0657118_06076526.jpg
22141,https://cdn.jsdelivr.net/gh/hlmxe/acquamires-catalogo-img@main/ecommerce/0657118_06076526.jpg
22123,https://cdn.jsdelivr.net/gh/hlmxe/acquamires-catalogo-img@main/ecommerce/0657118_06076526.jpg
22117,https://cdn.jsdelivr.net/gh/hlmxe/acquamires-catalogo-img@main/ecommerce/0657118_06076526.jpg
22139,https://cdn.jsdelivr.net/gh/hlmxe/acquamires-catalogo-img@main/ecommerce/0657118_06075894.jpg
22115,https://cdn.jsdelivr.net/gh/hlmxe/acquamires-catalogo-img@main/ecommerce/0657118_06075894.jpg
22127,https://cdn.jsdelivr.net/gh/hlmxe/acquamires-catalogo-img@main/ecommerce/0657118_06075894.jpg
22121,https://cdn.jsdelivr.net/gh/hlmxe/acquamires-catalogo-img@main/ecommerce/0657118_06075894.jpg
22133,https://cdn.jsdelivr.net/gh/hlmxe/acquamires-catalogo-img@main/ecommerce/0657118_06075894.jpg
22143,https://cdn.jsdelivr.net/gh/hlmxe/acquamires-catalogo-img@main/ecommerce/0657118_06076582.jpg
22131,https://cdn.jsdelivr.net/gh/hlmxe/acquamires-catalogo-img@main/ecommerce/0657118_06076582.jpg
22125,https://cdn.jsdelivr.net/gh/hlmxe/acquamires-catalogo-img@main/ecommerce/0657118_06076582.jpg
22119,https://cdn.jsdelivr.net/gh/hlmxe/acquamires-catalogo-img@main/ecommerce/0657118_06076582.jpg
22137,https://cdn.jsdelivr.net/gh/hlmxe/acquamires-catalogo-img@main/ecommerce/0657118_06076582.jpg
22140,https://cdn.jsdelivr.net/gh/hlmxe/acquamires-catalogo-img@main/ecommerce/0657118_06076395.jpg
22116,https://cdn.jsdelivr.net/gh/hlmxe/acquamires-catalogo-img@main/ecommerce/0657118_06076395.jpg
22122,https://cdn.jsdelivr.net/gh/hlmxe/acquamires-catalogo-img@main/ecommerce/0657118_06076395.jpg
22128,https://cdn.jsdelivr.net/gh/hlmxe/acquamires-catalogo-img@main/ecommerce/0657118_06076395.jpg
21814,https://cdn.jsdelivr.net/gh/hlmxe/acquamires-catalogo-img@main/ecommerce/0654721_06075894.jpg
22239,https://cdn.jsdelivr.net/gh/hlmxe/acquamires-catalogo-img@main/ecommerce/0658062_06076582.jpg
22244,https://cdn.jsdelivr.net/gh/hlmxe/acquamires-catalogo-img@main/ecommerce/0658062_06076582.jpg
22249,https://cdn.jsdelivr.net/gh/hlmxe/acquamires-catalogo-img@main/ecommerce/0658062_06076582.jpg
22251,https://cdn.jsdelivr.net/gh/hlmxe/acquamires-catalogo-img@main/ecommerce/0658062_06076395.jpg
22236,https://cdn.jsdelivr.net/gh/hlmxe/acquamires-catalogo-img@main/ecommerce/0658062_06076395.jpg
22276,https://cdn.jsdelivr.net/gh/hlmxe/acquamires-catalogo-img@main/ecommerce/0657005_06076526.jpg
22264,https://cdn.jsdelivr.net/gh/hlmxe/acquamires-catalogo-img@main/ecommerce/0657005_06076526.jpg
22258,https://cdn.jsdelivr.net/gh/hlmxe/acquamires-catalogo-img@main/ecommerce/0657005_06076526.jpg
22274,https://cdn.jsdelivr.net/gh/hlmxe/acquamires-catalogo-img@main/ecommerce/0657005_06075894.jpg
22256,https://cdn.jsdelivr.net/gh/hlmxe/acquamires-catalogo-img@main/ecommerce/0657005_06075894.jpg
22268,https://cdn.jsdelivr.net/gh/hlmxe/acquamires-catalogo-img@main/ecommerce/0657005_06075894.jpg
22262,https://cdn.jsdelivr.net/gh/hlmxe/acquamires-catalogo-img@main/ecommerce/0657005_06075894.jpg
22278,https://cdn.jsdelivr.net/gh/hlmxe/acquamires-catalogo-img@main/ecommerce/0657005_06076582.jpg
22260,https://cdn.jsdelivr.net/gh/hlmxe/acquamires-catalogo-img@main/ecommerce/0657005_06076582.jpg
22266,https://cdn.jsdelivr.net/gh/hlmxe/acquamires-catalogo-img@main/ecommerce/0657005_06076582.jpg
22272,https://cdn.jsdelivr.net/gh/hlmxe/acquamires-catalogo-img@main/ecommerce/0657005_06076582.jpg
22263,https://cdn.jsdelivr.net/gh/hlmxe/acquamires-catalogo-img@main/ecommerce/0657005_06076395.jpg
22269,https://cdn.jsdelivr.net/gh/hlmxe/acquamires-catalogo-img@main/ecommerce/0657005_06076395.jpg
22257,https://cdn.jsdelivr.net/gh/hlmxe/acquamires-catalogo-img@main/ecommerce/0657005_06076395.jpg
22275,https://cdn.jsdelivr.net/gh/hlmxe/acquamires-catalogo-img@main/ecommerce/0657005_06076395.jpg
